{
  "bg": 116, 
  "temp": "absolute", 
  "snoozeBG": 125, 
  "recieved": true, 
  "predBGs": {
    "COB": [
      116, 
      116, 
      116, 
      116, 
      116, 
      116, 
      115, 
      115, 
      115, 
      115, 
      114, 
      114, 
      113, 
      112, 
      111, 
      109, 
      108, 
      106, 
      104, 
      102, 
      101, 
      99, 
      97, 
      95, 
      94, 
      92, 
      91, 
      90, 
      88, 
      87, 
      86, 
      85, 
      84, 
      83, 
      82, 
      82, 
      81
    ], 
    "aCOB": [
      116, 
      126, 
      135, 
      143, 
      152, 
      160, 
      168, 
      175, 
      182, 
      188, 
      194, 
      199, 
      204, 
      208, 
      212, 
      215, 
      217, 
      219, 
      221, 
      222, 
      223, 
      223, 
      224, 
      223, 
      223, 
      222, 
      221, 
      220, 
      219, 
      217, 
      216, 
      215, 
      214, 
      213, 
      213, 
      212
    ], 
    "IOB": [
      116, 
      116, 
      116, 
      116, 
      116, 
      116, 
      115, 
      115, 
      115, 
      115, 
      114, 
      114, 
      113, 
      112, 
      111, 
      109, 
      108, 
      106, 
      104, 
      102, 
      101, 
      99, 
      97, 
      95, 
      94, 
      92, 
      91, 
      90, 
      88, 
      87, 
      86, 
      85, 
      84, 
      83, 
      82, 
      82, 
      81
    ]
  }, 
  "rate": 1.25, 
  "reason": "COB: 33, Dev: 1, BGI: -0.1, Target: 115; Eventual BG 125>=120, 29m@1.180 = 0.570 > req 0.15243902439024393+0.1U", 
  "eventualBG": 125, 
  "timestamp": "2016-04-18T23:49:11.142531", 
  "duration": 30, 
  "tick": "+0"
}