{
  "bg": 102, 
  "temp": "absolute", 
  "snoozeBG": 121, 
  "recieved": true, 
  "predBGs": {
    "COB": [
      102, 
      103, 
      104, 
      106, 
      108, 
      110, 
      113, 
      116, 
      119, 
      123, 
      127, 
      131, 
      135, 
      138, 
      141, 
      144, 
      147, 
      149, 
      151, 
      154, 
      156, 
      158, 
      161, 
      163, 
      165, 
      168, 
      170, 
      172, 
      174, 
      177, 
      179, 
      181, 
      184, 
      186, 
      189, 
      192, 
      194
    ], 
    "aCOB": [
      102, 
      109, 
      116, 
      123, 
      130, 
      138, 
      146, 
      153, 
      161, 
      169, 
      178, 
      186, 
      193, 
      200, 
      207, 
      214, 
      219, 
      225, 
      230, 
      236, 
      241, 
      245, 
      250, 
      254, 
      258, 
      262, 
      266, 
      270, 
      274, 
      277, 
      280, 
      283, 
      286, 
      289, 
      292, 
      295, 
      297
    ], 
    "IOB": [
      102, 
      103, 
      103, 
      104, 
      105, 
      106, 
      107, 
      108, 
      109, 
      110, 
      110, 
      111, 
      111, 
      111, 
      110, 
      110, 
      109, 
      108, 
      107, 
      106, 
      105, 
      104, 
      103, 
      102, 
      101, 
      100, 
      99, 
      98, 
      98, 
      97, 
      96, 
      96, 
      95, 
      94
    ]
  }, 
  "rate": 0.9, 
  "reason": "COB: 53, Dev: 24, BGI: -2.95, Target: 115; Eventual BG 194>=120, 23m@0.850 = 0.326 > req 0.08021390374331551+0.1U", 
  "eventualBG": 194, 
  "timestamp": "2016-04-19T21:54:37.904389", 
  "duration": 30, 
  "tick": "+1"
}