{
  "bg": 131, 
  "temp": "absolute", 
  "snoozeBG": 134, 
  "recieved": true, 
  "predBGs": {
    "COB": [
      131, 
      133, 
      134, 
      135, 
      135, 
      135, 
      135, 
      135, 
      134, 
      133, 
      131, 
      129, 
      127, 
      125, 
      123, 
      120, 
      117, 
      114, 
      111, 
      108, 
      105, 
      102, 
      99, 
      97, 
      94, 
      92, 
      90, 
      89, 
      87, 
      85, 
      84, 
      83, 
      82, 
      81, 
      80, 
      79
    ], 
    "aCOB": [
      131, 
      132, 
      132, 
      132, 
      132, 
      132, 
      131, 
      130, 
      129, 
      128, 
      127, 
      125, 
      123, 
      121, 
      118, 
      116, 
      113, 
      110, 
      107, 
      103, 
      100, 
      97, 
      95, 
      92, 
      90, 
      88, 
      86, 
      84, 
      83, 
      81, 
      80, 
      78, 
      77, 
      76, 
      76, 
      75, 
      74
    ], 
    "IOB": [
      131, 
      133, 
      134, 
      135, 
      135, 
      136, 
      135, 
      135, 
      134, 
      133, 
      132, 
      130, 
      128, 
      126, 
      124, 
      121, 
      118, 
      115, 
      112, 
      109, 
      106, 
      103, 
      100, 
      98, 
      95, 
      93, 
      91, 
      90, 
      88, 
      86, 
      85, 
      84, 
      83, 
      82, 
      81, 
      80
    ]
  }, 
  "rate": 1.1, 
  "reason": "COB: 1, Dev: 8, BGI: 0.65, Target: 115; Eventual BG 130>=120, 26m@1.460 = 0.633 > req 0.18382352941176472+0.1U", 
  "eventualBG": 130, 
  "timestamp": "2016-04-16T23:22:34.084424", 
  "duration": 30, 
  "tick": "+2"
}