{
  "bg": 137, 
  "temp": "absolute", 
  "snoozeBG": 128, 
  "recieved": true, 
  "predBGs": {
    "COB": [
      137, 
      137, 
      137, 
      137, 
      137, 
      136, 
      136, 
      135, 
      134, 
      134, 
      133, 
      133, 
      132, 
      132, 
      131, 
      130, 
      130, 
      129, 
      129, 
      128, 
      128, 
      128, 
      129, 
      129, 
      130, 
      130, 
      131, 
      133, 
      134, 
      135, 
      137, 
      138, 
      140, 
      142, 
      144, 
      146, 
      148
    ], 
    "aCOB": [
      137, 
      144, 
      151, 
      157, 
      163, 
      169, 
      174, 
      179, 
      185, 
      190, 
      194, 
      199, 
      204, 
      208, 
      212, 
      216, 
      219, 
      223, 
      227, 
      230, 
      234, 
      238, 
      241, 
      245, 
      249, 
      252, 
      256, 
      260, 
      264, 
      267, 
      271, 
      274, 
      278, 
      281, 
      285, 
      288, 
      291
    ], 
    "IOB": [
      137, 
      137, 
      136, 
      135, 
      134, 
      133, 
      131, 
      129, 
      126, 
      123, 
      121, 
      117, 
      114, 
      111, 
      107, 
      104, 
      100, 
      97, 
      94, 
      91, 
      88, 
      86, 
      83, 
      81, 
      79, 
      77, 
      76, 
      74, 
      73, 
      72, 
      71, 
      70, 
      69, 
      69, 
      68, 
      68, 
      67
    ]
  }, 
  "rate": 0.8, 
  "reason": "COB: 58, Dev: 18, BGI: -2.92, Target: 115; Eventual BG 148>=120, 23m@1.185 = 0.454 > req 0.16905071521456436+0.1U", 
  "eventualBG": 148, 
  "timestamp": "2016-04-20T00:03:53.711830", 
  "duration": 30, 
  "tick": "+0"
}